{"cameraMode":{"drawMode":0,"name":"Shaded","section":"Shading Mode"},"sceneLighting":true,"audioPlay":false,"sceneViewState":{"m_AlwaysRefresh":false,"showFog":true,"showSkybox":true,"showFlares":true,"showImageEffects":true,"showParticleSystems":true,"showVisualEffectGraphs":true,"m_FxEnabled":true},"in2DMode":false,"pivot":{"x":26.28045082092285,"y":4.529762268066406,"z":24.355724334716798},"rotation":{"x":0.007498911581933498,"y":-0.0048138792626559738,"z":0.00010069225390907377,"w":1.000004529953003},"size":20.186386108398439,"orthographic":false}