{"cameraMode":{"drawMode":0,"name":"Shaded","section":"Shading Mode"},"sceneLighting":true,"audioPlay":false,"sceneViewState":{"m_AlwaysRefresh":false,"showFog":true,"showSkybox":true,"showFlares":true,"showImageEffects":true,"showParticleSystems":true,"showVisualEffectGraphs":true,"m_FxEnabled":true},"in2DMode":false,"pivot":{"x":29.973617553710939,"y":0.9021921157836914,"z":21.825580596923829},"rotation":{"x":-0.11445822566747666,"y":0.2982180416584015,"z":-0.03612217307090759,"w":-0.9469517469406128},"size":12.948511123657227,"orthographic":false}